{"cameraMode":{"drawMode":0,"name":"Shaded","section":"Shading Mode"},"sceneLighting":true,"audioPlay":false,"sceneViewState":{"showFog":true,"showMaterialUpdate":false,"showSkybox":true,"showFlares":true,"showImageEffects":true,"showParticleSystems":true,"showVisualEffectGraphs":true,"m_FxEnabled":true},"in2DMode":false,"pivot":{"x":2.7014379501342775,"y":0.9431145191192627,"z":0.47302722930908205},"rotation":{"x":-0.15229244530200959,"y":-0.7568450570106506,"z":0.19003209471702577,"w":-0.6065337061882019},"size":1.2841484546661378,"orthographic":false}